{"cameraMode":{"drawMode":0,"name":"Shaded","section":"Shading Mode"},"sceneLighting":true,"audioPlay":false,"sceneViewState":{"showFog":true,"showMaterialUpdate":false,"showSkybox":true,"showFlares":true,"showImageEffects":true,"showParticleSystems":true},"in2DMode":false,"pivot":{"x":5.040699005126953,"y":0.21668624877929688,"z":-7.255725860595703},"rotation":{"x":0.37269487977027895,"y":0.47212058305740359,"z":-0.2300049066543579,"w":0.7650811076164246},"size":14.793475151062012,"orthographic":false}