{"cameraMode":{"drawMode":0,"name":"Shaded","section":"Shading Mode"},"sceneLighting":true,"audioPlay":false,"sceneViewState":{"showFog":true,"showMaterialUpdate":false,"showSkybox":true,"showFlares":true,"showImageEffects":true,"showParticleSystems":true},"in2DMode":false,"pivot":{"x":35.268768310546878,"y":-12.155296325683594,"z":-19.54364585876465},"rotation":{"x":0.058822326362133029,"y":0.9225364923477173,"z":-0.15590910613536836,"w":0.3482190668582916},"size":32.69289016723633,"orthographic":false}